Angular Displacement (Degree),Period (s)
10,1.239193962
15,1.129360477
20,1.10582152
25,1.142494268
30,1.176110382
35,1.12230136
